{
  "id": {
    "0": "5vYA1mW9g2Coh1HUFUSmlb",
    "1": "2klCjJcucgGQysgH170npL",
    "2": "093PI3mdUvOSlvMYDwnV1e",
    "3": "64yrDBpcdwEdNY9loyEGbX",
    "4": "2jiI8bNSDu7UxTtDCOqh3L",
    "5": "7fBv7CLKzipRk6EC6TWHOB",
    "6": "1hKdDCpiI9mqz1jVHRKG0E",
    "7": "3n3Ppam7vgaVa1iaRUc9Lp",
    "8": "0VjIjW4GlUZAMYd2vXMi3b",
    "9": "6habFhsOp2NvshLv26DqMb",
    "10": "3AJwUDP919kvQ9QcozQPxg",
    "11": "1BxfuPKGuaTgP7aM0Bbdwr",
    "12": "2takcwOaAZWiXQijPHIx7B",
    "13": "4uLU6hMCjMI75M1A2tKUQC",
    "14": "6DCZcSspjsKoFjzjrWoCEA",
    "15": "7qiZfU4dY1lWllzX7mPBI3"
  },
  "title": {
    "0": "3AM",
    "1": " 4 walls  ",
    "2": "11:11",
    "3": "21 Guns",
    "4": "21",
    "5": "Africa",
    "6": "Bohemian Rhapsody",
    "7": "Mr. Brightside",
    "8": "Blinding Lights",
    "9": "Despacito",
    "10": "Yesterday",
    "11": "Café del Mar",
    "12": "Naïve",
    "13": "Never Gonna Give You Up",
    "14": "God's Plan",
    "15": "Shape of You"
  },
  "danceability": {
    "0": "0.521",
    "1": 0.735,
    "2": 0.664,
    "3": 1.42,
    "4": 0.611,
    "5": 0.671,
    "6": 0.394,
    "7": 0.355,
    "8": 0.514,
    "9": 0.66,
    "10": 0.332,
    "11": 0.578,
    "12": 0.688,
    "13": 0.727,
    "14": 0.754,
    "15": 0.825
  },
  "energy": {
    "0": 0.673,
    "1": 0.849,
    "3": 0.788,
    "4": 0.402,
    "5": 0.373,
    "6": 0.402,
    "7": 0.918,
    "8": 0.73,
    "9": 0.786,
    "10": "N/A",
    "11": 0.612,
    "12": 0.751,
    "13": 0.91,
    "14": 0.449,
    "15": 0.652
  },
  "mood": {
    "0": 1,
    "1": 0,
    "2": 1,
    "3": 0,
    "4": 1,
    "5": 1,
    "6": 0,
    "7": 1,
    "8": 0,
    "9": 1,
    "10": 1,
    "11": 1,
    "12": 0,
    "13": 1,
    "14": 0,
    "15": 1
  },
  "acousticness": {
    "0": 0.00531,
    "1": 0.21277,
    "2": 0.104,
    "3": 0.0086,
    "4": 0.651,
    "5": 0.256,
    "6": null,
    "7": 0.00121,
    "8": 0.00146,
    "9": 0.209,
    "10": 0.879,
    "11": 0.0412,
    "12": 0.00933,
    "13": 0.152,
    "14": 0.0331,
    "15": 0.581
  },
  "tempo": {
    "0": "108.73",
    "1": 125.972,
    "2": 119.995,
    "3": 154.008,
    "4": 90.011,
    "5": 92.63,
    "6": 143.877,
    "7": 148.114,
    "8": 0,
    "9": 177.928,
    "10": 96.539,
    "11": 134.01,
    "12": 128.0,
    "13": 113.319,
    "14": 77.169,
    "15": 95.977
  },
  "duration_ms": {
    "0": 225947,
    "1": 207477,
    "2": 243333,
    "3": 328400,
    "4": 198760,
    "5": 295893,
    "6": 354320,
    "7": 222586,
    "8": 200040,
    "9": 228200,
    "10": 125666,
    "11": 401200,
    "12": 215000,
    "13": 213573,
    "14": 198973,
    "15": 233713
  },
  "num_sections": {
    "0": 8,
    "1": 7,
    "2": 9,
    "3": 11,
    "4": 6,
    "5": 10,
    "6": 14,
    "7": 9,
    "8": 8,
    "9": 9,
    "10": 5,
    "11": 12,
    "12": 8,
    "13": 8,
    "14": 7,
    "15": 8
  },
  "num_segments": {
    "0": 830,
    "1": 999,
    "2": 712,
    "3": 1204,
    "4": 640,
    "5": 981,
    "6": 1560,
    "7": 862,
    "8": 733,
    "9": 902,
    "10": 380,
    "11": 1420,
    "12": 760,
    "13": 812,
    "14": 690,
    "15": 803
  }
}