{
  "id": {
    "0": "2takcwOaAZWiXQijPHIx7B",
    "1": "4uLU6hMCjMI75M1A2tKUQC",
    "2": "6DCZcSspjsKoFjzjrWoCEA",
    "3": "7qiZfU4dY1lWllzX7mPBI3",
    "4": "0tgVpDi06FyKpA1z0VMD4v",
    "5": "3KkXRkHbMCARz0aVfEt68P",
    "6": "5ChkMS8OtdzJeqyybCc9R5",
    "7": "3JvKfv6T31zO0ini8iNItO",
    "8": "1mea3bSkSGXuIRvnydlB5b",
    "9": "4VqPOruhp5EdPBeR92t6lQ",
    "10": "0DiWol3AO6WpXZgp0goxAV",
    "11": "2QjOHCTQ1Jl3zawyYOpxh6",
    "12": "7dNsHhGeGU5MV01r06O8gK"
  },
  "title": {
    "0": "Naïve",
    "1": "Never Gonna Give You Up",
    "2": "God's Plan",
    "3": "Shape of You",
    "4": "Perfect",
    "5": "Sunflower",
    "6": "Billie Jean",
    "7": "Another Brick",
    "8": "Viva la Vida",
    "9": "Uptown Funk",
    "10": "One More Time",
    "11": "Sweet Child O Mine",
    "12": "Perfect"
  },
  "danceability": {
    "0": 0.688,
    "1": 0.74,
    "2": 0.754,
    "3": 0.825,
    "4": 0.599,
    "5": 0.76,
    "6": 0.921,
    "7": 0.554,
    "8": 0.485,
    "9": 0.856,
    "10": 0.612,
    "11": 0.474,
    "12": 0.601
  },
  "energy": {
    "0": 0.751,
    "1": 0.91,
    "2": 0.449,
    "3": 0.652,
    "4": 0.448,
    "5": 0.479,
    "6": 0.654,
    "7": 0.717,
    "8": 0.617,
    "9": 0.609,
    "10": 0.752,
    "11": 0.918,
    "12": 0.455
  },
  "mood": {
    "0": 0,
    "1": 1,
    "2": 0,
    "3": 1,
    "4": 1,
    "5": 1,
    "6": 0,
    "7": 0,
    "8": 1,
    "9": 1,
    "10": 1,
    "11": 0,
    "12": 1
  },
  "acousticness": {
    "0": 0.00933,
    "1": 0.152,
    "2": 0.0331,
    "3": 0.581,
    "4": 0.163,
    "5": 0.556,
    "6": 0.0123,
    "7": -0.05,
    "8": 0.109,
    "9": 0.00801,
    "10": 0.0311,
    "11": 0.00119,
    "12": 0.17
  },
  "tempo": {
    "0": 128.0,
    "1": 113.319,
    "2": 77.169,
    "3": 95.977,
    "4": 95.05,
    "5": 89.911,
    "6": 117.046,
    "7": 104.0,
    "8": 138.015,
    "9": 114.988,
    "10": 122.746,
    "11": 124.949,
    "12": 95.05
  },
  "duration_ms": {
    "0": 215000,
    "1": 213573,
    "2": 198973,
    "3": 233713,
    "4": 263400,
    "5": 158,
    "6": 293826,
    "7": 238746,
    "8": 242373,
    "9": 270,
    "10": 320357,
    "11": 356,
    "12": 264000
  },
  "num_sections": {
    "0": 8,
    "1": 8,
    "2": 7,
    "3": 8,
    "4": 9,
    "5": 6,
    "6": 10,
    "7": 9,
    "8": 8,
    "9": 9,
    "10": 11,
    "11": 13,
    "12": 9
  },
  "num_segments": {
    "0": 760,
    "1": 812,
    "2": 690,
    "3": 803,
    "4": 940,
    "5": 560,
    "6": 1180,
    "7": 951,
    "8": 889,
    "9": 1010,
    "10": 1290,
    "11": 1490,
    "12": 944
  },
  "valence": {
    "0": 0.31,
    "1": 0.44,
    "2": 0.22,
    "3": 0.55,
    "4": 0.61,
    "5": 0.73,
    "6": 0.29,
    "7": 0.66,
    "8": 0.48,
    "9": 0.52,
    "10": 0.39,
    "11": 0.71,
    "12": 0.6
  }
}